Materia,iddomanda,domanda,risposta1,risposta2,risposta3,risposta4,risposta_corretta
ANATOMIA,NTAN1,Come vengono classificati i tessuti umani,Dermico connettivo muscolare nervoso,Epiteliale connettivo muscolare nervoso,Cardiaco striato liscio,,Epiteliale connettivo muscolare nervoso
ANATOMIA,NTAN2,Con il termine dermatomero si intende,Una patologia del derma,Il punto in cui il nervo esce dal segmento midollare,La zona di cute innervata da un nervo,,La zona di cute innervata da un nervo
ANATOMIA,NTAN3,Dove si trova l'osso denominato navicolare,Entrambe le risposte sono corrette,Piede,Polso,,Entrambe le risposte sono corrette
ANATOMIA,NTAN4,Durante la contrazione muscolare il meccanismo di scorrimento delle fibrocellule è dato da,Dello scorrimento dell'actina sulla miosina,Dello scorrimento della miosina sull'actina,L'accorciamento delle fibre di actina e miosina,,Dello scorrimento dell'actina sulla miosina
ANATOMIA,NTAN5,Gli enzimi che catalizzano le molecole dell'alcol,Si formano tra i 18 e 20 anni di età,Si formano durante l'adolescenza,Sono presenti fin dalla nascita,,Sono presenti fin dalla nascita
ANATOMIA,NTAN6,I muscoli che costituiscono la cuffia dei rotatori,Sovraspinato sottospinato sottoscapolare capo lungo del bicipite,Sovraspinato sottospinato sottoscapolare grande rotondo,Sovraspinato sottospinato sottoscapolare piccolo rotondo,,Sovraspinato sottospinato sottoscapolare piccolo rotondo
ANATOMIA,NTAN7,I vasi linfatici si trovano,Nella parte superficiale del derma,All'interno dei muscoli,Sulla superficie del muscolo,,Nella parte superficiale del derma
ANATOMIA,NTAN8,Il muscolo che permette di esercitare forza essenziale alla masticazione è,Stiloideo,Temporale,Massetere,,Massetere
ANATOMIA,NTAN9,Il muscolo principale che permette la flessione dorsale del piede,Peronieri,Gastrocnemio,Tibiale anteriore,,Tibiale anteriore
ANATOMIA,NTAN10,Il muscolo psoas,Flessore ed extrarotatore dell'anca,Estensore ed extrarotatore dell'anca,Flessore ed intrarotatore dell'anca,,Flessore ed extrarotatore dell'anca
ANATOMIA,NTAN11,Il ruolo del calcio nella contrazione umana,Si deposita sulla tropomiosina e permette la rotazione della troponina con l'esposizione dei siti attivi,Si deposita sulla troponina e permette tramitela rotazione della tropomiosina l'esposizione dei siti attivi,Permette la rottura dei ponti attivi tra miosina e actina,,Si deposita sulla troponina e permette tramitela rotazione della tropomiosina l'esposizione dei siti attivi
ANATOMIA,NTAN12,Il tessuto cartilagineo è costituito da cellule denominati,Dendritiche,Fibrociti,Condorciti,,Condorciti
ANATOMIA,NTAN13,L'articolazione gleno-omerale è,Sindesmosi,Enartrosi,Sincondrosi,,Enartrosi
ANATOMIA,NTAN14,L'articolazione sotto-astragalica permette,Prono-supinazione del piede,Entrambe le risposte sono corrette,Flesso estensione del piede,,Prono-supinazione del piede
ANATOMIA,NTAN15,La cellula nervosa è costituita da,Pirenoforo assone,Assone dendrite,Dendrite pirenoforo neurite,,Dendrite pirenoforo neurite
ANATOMIA,NTAN16,Le cellule del pancreas sono per il 99% di tipo,Entrambe le risposte sono sbagliate,Endocrino,Esocrino,,Esocrino
ANATOMIA,NTAN17,Principale flessore dell'anca,Iliaco,Retto del femore,Psoas,,Psoas
ANATOMIA,NTAN18,Quale direzione ha il sistema di ritorno venoso,Centripeta,Entrambe le risposte sono corrette,Eccentrica,,Centripeta
ANATOMIA,NTAN19,Quale muscolo gioca un ruolo primario nella respirazione,Intercostali,Scaleni,Diaframma,,Diaframma
ANATOMIA,NTAN20,Quale neurotrasmettitore è fondamentale per le sinapsi cerebrali,Melatonina,Serotonina,Noradrenalina,,Serotonina
ANATOMIA,NTAN21,Quale sostanza viene assorbita esclusivamente nello stomaco,Vitamina B12,Lipidi,Acqua,,Vitamina B12
ANATOMIA,NTAN22,Quali ormoni regolano i livelli di calcio ematico,Cortisolo e insulina,Clacitonina e adrenalina,Partaormone e calcitonina,,Partaormone e calcitonina
ANATOMIA,NTAN23,Quali sono gli ormoni che regolano gli zuccheri nel sangue,Insulina e somatostatina,Insulina e paratormone,Insulina e glucagone,,Insulina e glucagone
ANATOMIA,NTAN24,Quante sono le ossa che costituiscono il piede,23,26,29,,26
ANATOMIA,NTAN25,Se ho il piccolo pettorale in ipertono stiamo parlando di quale catena cinetica,Anteriore,Posteriore,Centrale,,Anteriore
BIORISONANZA ED EPIGENETICA,NTBI1,Campo elettrico,È un campo di forze generato nello spazio,È un campo di forze generato nello spazio dalla presenza di cariche elettriche,È un campo forte tensione,Tutte le risposte sono corrette,È un campo di forze generato nello spazio dalla presenza di cariche elettriche
BIORISONANZA ED EPIGENETICA,NTBI2,Caratteristiche delle cellule e dei tessuti,Generano il loro campo elettromagnetico controllando e guidando reazioni metaboliche,Comunicano con il mondo esterno fornendo informazioni utili per una serie di diagnosi e interagiscono con energie elettromagnetiche esterne che possono essere sia curative che dannose,Hanno una natura elettromagnetica comunicano tra loro scambiando informazioni con segnali elettrici e fotonici,Tutte le risposte sono corrette,Tutte le risposte sono corrette
BIORISONANZA ED EPIGENETICA,NTBI3,Com'è regolata l'epigenetica?,RNA non codificanti,Tutte le risposte sono corrette,Modifiche della cromatina,Metilazione del DNA,Tutte le risposte sono corrette
BIORISONANZA ED EPIGENETICA,NTBI4,Cos'è l'atomo,Nessuna risposta è corretta,È la parte fondamentale degli elementi in natura,È la più piccola parte di ogni elemento esistente in natura che ne conserva le caratteristiche chimico-fisiche,È più piccola parte di una molecola,È la più piccola parte di ogni elemento esistente in natura che ne conserva le caratteristiche chimico-fisiche
BIORISONANZA ED EPIGENETICA,NTBI5,Cos'è un campo elettromagnetico?,Tutte le risposte sono corrette,Un campo elettrico generato da cariche elettriche,Una combinazione di campo elettrico e magnetico,Un campo magnetico generato da cariche elettriche in movimento,Una combinazione di campo elettrico e magnetico
BIORISONANZA ED EPIGENETICA,NTBI6,Cosa significa invecchiare?,Nessuna risposta è corretta,L'invecchiamento è un processo fisiologico multifattoriale universale inevitabile irreversibile inarrestabile,Entrambe le risposte sono corrette,L'invecchiamento è causato da 1/3 da fattori genetici e 2/3 da fattori epigenetici,Entrambe le risposte sono corrette
BIORISONANZA ED EPIGENETICA,NTBI7,Cosa sono le Sirtuine?,Le Sirtuine sono delle proteine prodotte in modo fisiologico dal nostro organismo,Le Sirtuine sono delle vitamine prodotte in modo fisiologico dal nostro organismo,Tutte le risposte sono corrette,Nessuna risposta è corretta,Le Sirtuine sono delle proteine prodotte in modo fisiologico dal nostro organismo
BIORISONANZA ED EPIGENETICA,NTBI8,Definizione di epigenetica secondo Conrad Waddington,La serie di modificazioni al materiale genetico che cambia il modo in cui i geni vengono accesi o spenti ma non altre i geni in sé,L'epigenetica è quell'aspetto della biologia che studia la relazione causale tra i geni e il loro prodotti cioè le proteine,Tutte le risposte sono corrette,Nessuna risposta è corretta,L'epigenetica è quell'aspetto della biologia che studia la relazione causale tra i geni e il loro prodotti cioè le proteine
BIORISONANZA ED EPIGENETICA,NTBI9,Domini di coerenza,Fenomeno della fisica,Nessuna risposta è corretta,Le molecole d'acqua oscillano all'unisono e in fase con un campo elettromagnetico risonante,Molecole indipendenti legate da forze elettromagnetiche di corto raggio d'azione,Le molecole d'acqua oscillano all'unisono e in fase con un campo elettromagnetico risonante
BIORISONANZA ED EPIGENETICA,NTBI10,I 3 punti della medicina funzionale,Individualità biochimica vitalità positiva aspetto psicosomatico,Nessuna risposta è corretta,Vitalità positiva aspetto psicosomatico,Individualità biochimica vitalità positiva,Individualità biochimica vitalità positiva aspetto psicosomatico
BIORISONANZA ED EPIGENETICA,NTBI11,I tessuti biologici,Possono ricevere e trasmettere segnali elettrici acustici e magnetici,Possono ricevere tradurre e trasmettere segnali elettrici ma anche acustici magnetici vibrazioni meccaniche e termiche fotoni,Possono ricevere tradurre e trasmettere segnali elettrici,Nessuna risposta è corretta,Possono ricevere tradurre e trasmettere segnali elettrici ma anche acustici magnetici vibrazioni meccaniche e termiche fotoni
BIORISONANZA ED EPIGENETICA,NTBI12,Il DNA viene definito antenna elettromagnetica che funziona da stazione ricetrasmittente,La sua irradiazione è impercettibile,Tutte le risposte sono corrette,La sua irradiazione e caotica,La sua irradiazione è coerente,La sua irradiazione è coerente
BIORISONANZA ED EPIGENETICA,NTBI13,In condizioni di riposo la membrana cellulare è polarizzata,Negativamente,Dipende dalle cellule,Negativamente e positivamente,Positivamente,Negativamente
BIORISONANZA ED EPIGENETICA,NTBI14,L'atomo è composto da,Tutte le risposte sono corrette,Neutroni ed elettroni,Protoni e neutroni,Protoni elettroni neutroni,Protoni elettroni neutroni
BIORISONANZA ED EPIGENETICA,NTBI15,La metilazione,Nessuna risposta è corretta,Il termine metilazione usato in chimica per definire l'addizione o sostituzione di un gruppo metile su vari substrati,Il termine metilazione usato in chimica per definire la sottrazione o sostituzione di un gruppo metile su vari substrati,Tutte le risposte sono corrette,Il termine metilazione usato in chimica per definire l'addizione o sostituzione di un gruppo metile su vari substrati
BIORISONANZA ED EPIGENETICA,NTBI16,La permeabilità cellulare garantisce,L'introduzione nella cellula delle materie prime necessarie al suo sviluppo,La riproduzione e l'eliminazione dei prodotti di rifiuto,Tutte le risposte sono corrette,L'introduzione della cellula delle materie prime necessarie allo sviluppo la riproduzione ed eliminazione dei prodotti di rifiuto,L'introduzione della cellula delle materie prime necessarie allo sviluppo la riproduzione ed eliminazione dei prodotti di rifiuto
BIORISONANZA ED EPIGENETICA,NTBI17,La teoria dei mitocondri,Nessuna risposta è corretta,Ognuno di noi ha l'età dei propri mitocondri,Tutte le risposte sono corrette,Ognuno di noi ha l'età anagrafica,Ognuno di noi ha l'età dei propri mitocondri
BIORISONANZA ED EPIGENETICA,NTBI18,Le Sirtuine si attivano,Nessuna risposta è corretta,Entrambe le risposte sono corrette,In condizioni ipercaloriche,In condizioni di digiuno,In condizioni di digiuno
BIORISONANZA ED EPIGENETICA,NTBI19,Legge di Indeterminazione di Eisenberg,Non si può mai conoscere la posizione ma si può conoscere la velocità di un elettrone,Non si può mai conoscere esattamente la posizione e la velocità di un elettrone,Nessuna risposta è corretta,Si può conoscere esattamente la posizione e la velocità di un elettrone,Non si può mai conoscere esattamente la posizione e la velocità di un elettrone
BIORISONANZA ED EPIGENETICA,NTBI20,Mediante esami di laboratorio possono essere misurati gli indici di senescenza,Compromissione dell'integrità della struttura del DNA,Squilibri neuroendocrini modificazioni della membrana cellulare e dell'ambiente extracellulare,Tutte le risposte sono corrette,Metilazione infiammazione cronica silente stress ossidativo,Tutte le risposte sono corrette
BIORISONANZA ED EPIGENETICA,NTBI21,Primo dispositivo che utilizza le informazioni delle oscillazioni elettromagnetiche per scopi terapeutici,Voll,Jenny,Nessuna risposta corretta,Morrell,Voll
BIORISONANZA ED EPIGENETICA,NTBI22,Quali sono i fattori che influenzano il nostro benessere?,Aria acqua ambiente cibo luce-sole,Nessuna risposta è corretta,Movimento postura campi elettromagnetici pensieri emozioni,Tutte le risposte sono corrette,Tutte le risposte sono corrette
BIORISONANZA ED EPIGENETICA,NTBI23,Radiazioni ionizzanti,Nessuna risposta corretta,Una radiazione è ionizzante quando trasporta elettroni ionizzati,Una radiazione è ionizzante quando non trasporta abbastanza energia,Una radiazione ionizzante quando trasporta abbastanza energia da liberare elettroni da atomi o molecole ionizzandoli,Una radiazione ionizzante quando trasporta abbastanza energia da liberare elettroni da atomi o molecole ionizzandoli
BIORISONANZA ED EPIGENETICA,NTBI24,Risonanza di Schumann,Nessuna risposta è corretta,È un sistema elettromagnetico in costante vibrazione che crea onde a bassissima frequenza,È un sistema elettromagnetico che crea onde ad alta frequenza,È un sistema oscillante generato tra forze opposte tra superficie terrestre e ionosfera,È un sistema oscillante generato tra forze opposte tra superficie terrestre e ionosfera
BIORISONANZA ED EPIGENETICA,NTBI25,Teoria dei biofotoni di Popp,Il termine biofotoni indica l'emissione di energia che si propaga alla velocità della luce,Nessuna risposta è corretta,I biofotoni indicano emissione di quanti di energia,Il termine biofotoni indica l'emissione di energia che si propaga alla velocità della luce da parte di sistemi viventi,Il termine biofotoni indica l'emissione di energia che si propaga alla velocità della luce da parte di sistemi viventi
DIRITTO,NTDI1,Articolo 3 della Costituzione introduce il principio di Uguaglianza inteso come?,Diritto di uguaglianza sostanziale formale,Diritto di tutti i cittadini ad essere considerati formalmente uguali,Diritto di tutti i cittadini ad essere considerati uguali davanti alla legge,Tutte le risposte sono corrette,Tutte le risposte sono corrette
DIRITTO,NTDI2,Che cosa si intende per dati particolari o sensibili ragionando nell'ambito dell'attività di MCB?,Riguardanti i recapiti telefonici del paziente,Riguardanti lo stato di salute,Riguardanti l'identificazione di quella persona o di quel paziente,Nessuna delle risposte è corretta,Riguardanti lo stato di salute
DIRITTO,NTDI3,Cosa afferma l'articolo 32 della Costituzione?,Il diritto per il lavoratore ad un ambiente che tuteli la propria salute,Il diritto al mantenimento in caso di infortunio malattia vecchiaia,La tutela della salute come diritto dell'individuo ed interesse della collettività,La libertà di manifestare per il proprio pensiero,La tutela della salute come diritto dell'individuo ed interesse della collettività
DIRITTO,NTDI4,Cosa prevede l'articolo 22 della Costituzione?,Nessuno può essere privato per motivi politici della capacità giuridica della cittadinanza e del nome,La scuola è aperta a tutti,La Repubblica promuove la scienza e la cultura,Il diritto di associazione e riunione,Nessuno può essere privato per motivi politici della capacità giuridica della cittadinanza e del nome
DIRITTO,NTDI5,Cosa si intende per deontologia sanitaria?,Lo studio di regole sanitarie,La scienza che studia fenomeni analoghi in natura,L'insieme delle norme di comportamento riguardanti i doveri dell'operatore sanitario nei suoi rapporti con i pazienti e con gli altri operatori sanitari,L'insieme delle regole morali che disciplinano l'esercizio di un'attività,L'insieme delle norme di comportamento riguardanti i doveri dell'operatore sanitario nei suoi rapporti con i pazienti e con gli altri operatori sanitari
DIRITTO,NTDI6,Cosa si intende per lavoratore subordinato?,Colui che si obbliga mediante retribuzione a collaborare nell'impresa prestando il proprio lavoro intellettuale o manuale alle dipendenze sotto la direzione dell'imprenditore,Colui che si obbliga mediante retribuzione a collaborare nell'impresa prestando lavoro intellettuale all'indipendenze sotto la direzione dell'imprenditore,Colui che si obbliga mediante l'intribuzione al collaborare dell'impresa prestando prestando lavoro intellettuale o manuale in modo del tutto autonomo,Nessuna risposta è corretta,Colui che si obbliga mediante retribuzione a collaborare nell'impresa prestando il proprio lavoro intellettuale o manuale alle dipendenze sotto la direzione dell'imprenditore
DIRITTO,NTDI7,Cosa si intende per norma giuridica?,Un precetto etico di condotta,Una regola di buona salute,Nessuna risposta è corretta,Una regola di condotta stabilita da autorità che vuol dire scritta o convenuta di comune accordo e di origine consuetudinaria,Una regola di condotta stabilita da autorità che vuol dire scritta o convenuta di comune accordo e di origine consuetudinaria
DIRITTO,NTDI8,I diritti reali sono?,Diritti soggettivi assoluti,Diritti soggettivi relativi,Diritti collettivi,Diritti potestativi,Diritti soggettivi assoluti
DIRITTO,NTDI9,I lavoratori subordinati sono classificati in?,Operai e impiegati,Operai impiegati quadri dirigenti,Operai apprendisti e impiegati,,Operai e impiegati
DIRITTO,NTDI10,I presupposti essenziali del contratto sono? (VERIFICARE),Accordo causa oggetto atto notarile,Accordo causa oggetto condizione,Accordo causa oggetto forma scritta,Le risposte A e C sono entrambe corrette,Le risposte A e C sono entrambe corrette
DIRITTO,NTDI11,Il lavoratore subordinato ha l'obbligo di?,Prendersi cura della propria sicurezza durante il lavoro,Obbedire al datore di lavoro con diligenza e fedeltà,Comunicare solo con rappresentante dei lavoratori per la sicurezza RLS,Sono corrette le risposte A e B,Sono corrette le risposte A e B
DIRITTO,NTDI12,In base alle normative vigenti che cosa si intende per stato di salute?,L'assenza di malattia,La sensazione soggettiva di piena efficienza,Nessuna risposta è corretta,Lo stato di completo benessere fisico mentale sociale ed emotivo,Lo stato di completo benessere fisico mentale sociale ed emotivo
DIRITTO,NTDI13,In che modo la Costituzione tutela la salute in Italia?,Nella Costituzione non è tutelata la salute,La Costituzione tutela la salute come diritto fondamentale dell'individuo,La Costituzione tutela la salute come diritto fondamentale solo delle persone portatrici di handicap,La Costituzione tutela salute come diritto fondamentale dell'individuo e interesse della collettività garantendo la possibilità di curarsi anche agli indigenti,La Costituzione tutela salute come diritto fondamentale dell'individuo e interesse della collettività garantendo la possibilità di curarsi anche agli indigenti
DIRITTO,NTDI14,L'articolo 2 della Costituzione stabilisce che?,Il principio di unità della Repubblica,Il principio democratico,Il principio di solidarietà politica sociale ed economica,Il principio di uguaglianza di tutti i cittadini davanti alla legge,Il principio di solidarietà politica sociale ed economica
DIRITTO,NTDI15,L'articolo 36 della Costituzione afferma che il lavoratore ha diritto?,Alle ferie,A riposo settimanale,Ad essere retribuito in proporzione alla qualità e quantità del lavoro svolto,Le tre risposte sopra sono corrette,Le tre risposte sopra sono corrette
DIRITTO,NTDI16,L'articolo 38 della Costituzione stabilisce?,Il riconoscimento del diritto al mantenimento dell'assistenza sociale della persona inabile al lavoro e sprovvista di mezzi,"La legge è uguale per tutti i cittadini, la libertà di movimento delle persone",L'inviolabilità e la segretezza della corrispondenza,,Il riconoscimento del diritto al mantenimento dell'assistenza sociale della persona inabile al lavoro e sprovvista di mezzi
DIRITTO,NTDI17,L'attività di MCB in ambito sanitario può essere svolta?,Solo su soggetti sani,Solo su soggetti con patologie neurologiche,In ambito sanitario qualunque sia la problematica del cliente e indipendentemente dalla prescrizione medica,Esclusivamente dietro prescrizione medica,Esclusivamente dietro prescrizione medica
DIRITTO,NTDI18,La capacità di stipulare un contratto valido di assicurazione si ha?,"Quando a sinistra lavorare, quando il giudice tutelare ci autorizza",Al compimento della maggiore età,Sin dal momento della nascita,,Al compimento della maggiore età
DIRITTO,NTDI19,La detrabilità delle fatture emesse dall'MCB per trattamenti su prescrizione medica è prevista da?,Circolare Agenzia delle Entrate numero 7/e del 2021,Circolare del Ministero della Salute numero 24/E del 2022,Entrambe le risposte sono corrette,Circolare Agenzia delle Entrate numero 14/E del 2023,Circolare Agenzia delle Entrate numero 7/e del 2021
DIRITTO,NTDI20,Le fonti di cognizione sono?,Il decreto legge e il decreto legislativo,La Gazzetta ufficiale la Gazzetta dell'Unione Europea il Bollettino Ufficiale Regionale,I mezzi che permettono ai cittadini di venire a conoscenza delle nuove fonti di produzione,Entrambe le risposte B e C sono corrette,Entrambe le risposte B e C sono corrette
DIRITTO,NTDI21,Qual è il codice ateco per l'MCB in ambito sanitario dal primo aprile 2025?,87.39.01,9609.09.00,Entrambe le risposte A e B sono corrette,Nessuna risposta è corretta,87.39.01
DIRITTO,NTDI22,Qual è il regolamento attuativo della legge dello Stato che ha istituito la figura dell'MCB?,L. 1264/1927,R.D. 1334/1928,R.D. 1265/1934,R.D 1310/1940,R.D. 1334/1928
DIRITTO,NTDI23,Qual è la legge dello Stato che ha istituito la figura dell'MCB?,L. 1264/1927,R.D. 1334/1928,R.D. 1265/1934,R.D 1310/1940,L. 1264/1927
DIRITTO,NTDI24,Qual è la norma che prevede l'esenzione da IVA delle prestazioni della MCB in ambito sanitario?,D.P.R. 633/1972 Art. 10 comma 1 N. 18,D.P.R. 225/2018 Art. 3 comma 2,R.D. 1334/1928,Nessuna risposta è corretta,D.P.R. 633/1972 Art. 10 comma 1 N. 18
DIRITTO,NTDI25,Quali sono gli obblighi del lavoratore dipendente?,Essere sempre attento e vigile,Rispettare l'orario di lavoro,Nessuna risposta è corretta,Prestare la propria attività lavorativa con obbedienza fedeltà e diligenza,Prestare la propria attività lavorativa con obbedienza fedeltà e diligenza
DIRITTO,NTDI26,Quali sono le fonti di rango primario di produzione del diritto? (VERIFICARE),Leggi ordinarie dello Stato Costituzione referendum abrogativo e decreto legge,D.lgsl. D.L. Leggi ordinarioe L.R. etc.,Costituzione. Leggi ordinarie. Decreti Legge. Decreti legislativi,Costituzione. Regolamenti governativi. Regolamenti dell'U.E.,D.lgsl. D.L. Leggi ordinarioe L.R. etc.
DIRITTO,NTDI27,Quando è entrata in vigore la Costituzione italiana?,Il 2 giugno 1945,L'1 gennaio 1948,Il 25 aprile 1912,Il 9 settembre 1918,L'1 gennaio 1948
FISIOLOGIA,NTFI1,Cosa si intende per ischemia?,Diminuzione o soppressione dell'apporto di sangue in un determinato distretto corporeo,Una insufficiente forza di contrazione del cuore è una delle più importanti conseguenze di coloro che hanno subito uno o più infarti miocardici,Complesso di sintomi obiettivi e soggettivi che caratterizza un determinato quadro clinico,Quantità di sangue pompata dal cuore al minuto.,Diminuzione o soppressione dell'apporto di sangue in un determinato distretto corporeo
FISIOLOGIA,NTFI2,Fanno parte dei traumi meccanici:,Abrasione e contusione,Ustioni di primo e secondo grado,Danni da elettricità,Danni da radiazioni.,Abrasione e contusione
FISIOLOGIA,NTFI3,I vasi sanguigni di una persona adulta ricoprono complessivamente la distanza di:,15 km,150 km,250.000 km,25.000 km,250.000 km
FISIOLOGIA,NTFI4,Il compito della cistifellea è:,Accumulare la bile durante il digiuno riversandola nel tratto iniziale dell'intestino tenue dopo i pasti,Riversare il proprio contenuto nell'ileo.,Riversa il proprio contenuto nello stomaco,Riversa il proprio contenuto a livello del cardias.,Accumulare la bile durante il digiuno riversandola nel tratto iniziale dell'intestino tenue dopo i pasti
FISIOLOGIA,NTFI5,Il Diabete:,Può essere di tipo 3 o 4 negli anziani,Non può manifestarsi in donne in stato di gravidanza,Può essere di tipo 1 2 o gestazionale,Non ha a che fare in alcun modo con l'insulina.,Può essere di tipo 1 2 o gestazionale
FISIOLOGIA,NTFI6,Il Sistema Endocrino:,È strettamente connesso al sistema nervoso,È formato da ghiandole ematocrite e fibrina,Non produce ormoni che viaggiano nel torrente ematico,Produce sostanze chiamate globuli bianchi.,È strettamente connesso al sistema nervoso
FISIOLOGIA,NTFI7,Il termine Fisiologia:,È sinonimo del termine Anatomia,Significa Discorso ragionamento sulla Natura,È la scienza biologica che studia la forma e la struttura degli esseri viventi distinta secondo che abbia per oggetto l'uomo gli animali o le piante,La tendenza naturale al raggiungimento di una relativa stabilità sia delle proprietà chimico-fisiche interne sia comportamentali.,Significa Discorso ragionamento sulla Natura
FISIOLOGIA,NTFI8,Individua la risposta errata:,Circoscrivere il distretto danneggiato,Combattere la causa del danno,Dare avvio alla riparazione per ripristinare la condizione normale,Promuovere il processo di necrosi tessutale,Promuovere il processo di necrosi tessutale
FISIOLOGIA,NTFI9,Individua la risposta esatta: (VERIFICARE),Lo sfintere di Oddi è costituito da muscolatura liscia in persistente stato di contrazione,Il processo digestivo non inizia in bocca,La saliva non interviene nella digestione,La peristalsi è un processo volontario.,Lo sfintere di Oddi è costituito da muscolatura liscia in persistente stato di contrazione
FISIOLOGIA,NTFI10,L'Aritmia:,È una attività elettrica del muscolo cardiaco non ordinata,Indica che le cellule del cuore si muovono in maniera disordinata,Indica una frequenza cardiaca accelerata,Indica una frequenza cardiaca rallentata.,È una attività elettrica del muscolo cardiaco non ordinata
FISIOLOGIA,NTFI11,L'intestino tenue:,È lungo circa 7 metri,È lungo circa 12 metri,È più corto rispetto al crasso,Sfocia nello stomaco.,È lungo circa 7 metri
FISIOLOGIA,NTFI12,La mialgia può essere:,Aperta o chiusa,Lontana o vicina,Localizzata o diffusa,Monolocale o bifocale.,Localizzata o diffusa
FISIOLOGIA,NTFI13,La Placca Neuromuscolare:,Non ha a che fare con la contrazione muscolare,Consente la trasmissione dell'impulso nervoso tra una terminazione del nervo motore ed il muscolo,Riguarda solo il sistema nervoso somatico.,,Consente la trasmissione dell'impulso nervoso tra una terminazione del nervo motore ed il muscolo
FISIOLOGIA,NTFI14,La Sistole Atriale:,Non esiste è solo ventricolare,Può avvenire sia sull'atrio destro che sinistro,È sinonimo di diastole striale,"È sinonimo di diastole ventricolare,",Può avvenire sia sull'atrio destro che sinistro
FISIOLOGIA,NTFI15,Nel tratto gastrointestinale avviene:,La produzione dell'urina,La produzione dell'espettorato,Il movimento del cibo (motilità),Lo scambio aria-sangue.,Il movimento del cibo (motilità)
FISIOLOGIA,NTFI16,Riguardo il ciclo cardiaco si può sostenere che: (DOPPIA MA CON RISP DIVERSE),Dal ventricolo sinistro il sangue ricco di anidride carbonica si dirige verso i polmoni,Dal ventricolo destro il sangue ricco di anidride carbonica si dirige verso il corpo intero,Dal ventricolo sinistro il sangue ricco di ossigeno si dirige verso i polmoni,Dal ventricolo destro il sangue ricco di anidride carbonica si dirige verso i polmoni.,Dal ventricolo destro il sangue ricco di anidride carbonica si dirige verso i polmoni.
FISIOLOGIA,NTFI17,Riguardo il ciclo cardiaco si può sostenere che: (DOPPIA MA CON RISP DIVERSE),La piccola circolazione viene anche chiamata circolazione sistemica,La grande circolazione viene anche chiamata circolazione polmonare,La circolazione polmonare viene anche chiamata piccola circolazione,La circolazione è una sola e viene chiamata circolazione sistemica.,La circolazione polmonare viene anche chiamata piccola circolazione
IDROCOLONTERAPIA,NTID1,Cos'è il misuratore termostatico?,Uno strumento atto a misurare la temperatura,Uno strumento per misurare la pressione,Uno strumento per la variazione di campo elettromagnetico,Uno strumento per misurare l'acidità di un liquido,Uno strumento atto a misurare la temperatura
IDROCOLONTERAPIA,NTID2,Cos'è la Disbiosi?,È un disequilibrio del microbiota,È un equilibrio del microbiota,È l'aumento della pressione arteriosa,È una disfunzione sanguigna,È un disequilibrio del microbiota
IDROCOLONTERAPIA,NTID3,Dopo una seduta di Idrocolonterapia il paziente deve,Rispettare almeno 5 ore di riposo e digiuno,Può condurre una vita sociale normale,Deve stare solo a digiuno,Non può bere acqua per 5 ore,Può condurre una vita sociale normale
IDROCOLONTERAPIA,NTID4,Durante un trattamento di Idrocolonterapia l'acqua deve uscire una pressione di circa,1 bar,Diecimila etto Pascal,3 bar,Nessuna delle precedenti,1 bar
IDROCOLONTERAPIA,NTID5,È meno invasivo la pratica dell'Idrocolonterapia o un clistere?,È meno invasivo il clistere,È meno invasiva l'Idrocolonterapia,È la stessa cosa,È meno invasivo il clistere perché si usa poca acqua,È meno invasiva l'Idrocolonterapia
IDROCOLONTERAPIA,NTID6,In caso di rettocolite ulcerosa è consigliabile effettuare un ciclo di prestazioni di Idrocolonterapia?,Si,No,Si ma solo se un paziente ha i referti ematici nella norma,Si ma solo se il sanguinamento non è eccessivo,No
IDROCOLONTERAPIA,NTID7,In quale ora del giorno può essere praticata una prestazione di Idrocolonterapia?,Solo di Mattina e a digiuno,Solo di mattina,A qualsiasi ora del giorno ma necessariamente a digiuno,A qualsiasi ora del giorno,A qualsiasi ora del giorno ma necessariamente a digiuno
IDROCOLONTERAPIA,NTID8,L'Idrocolonterapia e utile per la cura delle infezioni all'apparato escretore?,Si,No,Solo se non sono presenti infezioni,Solo negli uomini ma non nelle donne,Si
IDROCOLONTERAPIA,NTID9,La temperatura dell'acqua di quanti gradi deve essere durante il trattamento di Idrocolonterapia?,Circa 18 gradi Celsius,Non più di 28 gradi Celsius,Circa 38 gradi Celsius,Non più di 48 gradi Celsius,Circa 38 gradi Celsius
IDROCOLONTERAPIA,NTID10,Nella Scala di Bristol a quale Tipo appartiene il materiale fecale con forma di salsiccia o serpente liscia e morbida?,Tipo 1,Tipo 4,Tipo 5,Tipo 7,Tipo 4
IDROCOLONTERAPIA,NTID11,Nella Scala di Bristol a quale Tipo appartiene il materiale fecale simile alla forma di salsiccia grumosa?,Tipo 1,Tipo 2,Tipo 3,Tipo 6,Tipo 2
IDROCOLONTERAPIA,NTID12,Nella Scala di Bristol a quale Tipo appartiene il materiale fecale con grumi morbidi ben definiti?,Tipo 1,Tipo 3,Tipo 5,Tipo 7,Tipo 5
IDROCOLONTERAPIA,NTID13,Nella Scala di Bristol a quale Tipo appartiene il materiale fecale con pezzi lanuginosi con bordi frastagliati e feci pastose?,Tipo 1,Tipo 3,Tipo 5,Tipo 6,Tipo 6
IDROCOLONTERAPIA,NTID14,Oltre all'acqua possibile miscelare un farmaco nella pratica dell'Idrocolonterapia?,Si ma solo se il farmaco è antibiotico,Si ma solo se il farmaco è antinfiammatorio,Si in simbiosi con antibiotici e antinfiammatori,Nessuna delle tre risposte,Nessuna delle tre risposte
IDROCOLONTERAPIA,NTID15,Per la preparazione all'Idrocolonterapia si usa,Magnesio Pidolato,Magnesio Gluconato,Magnesio Aspartato,Magnesio Citrato,Magnesio Citrato
IDROCOLONTERAPIA,NTID16,Quali sono i benefici dell'Idrocolonterapia?,Potenziamento del sistema immunitario,Potenziamento della massa muscolare,Potenziamento dell'udito,Potenziamento della vista,Potenziamento del sistema immunitario
IDROCOLONTERAPIA,NTID17,Quanti litri di acqua si somministrano durante una prestazione di Idrocolonterapia di circa 45 minuti?,Circa 5 (Cinque) litri,Circa 10 (Dieci) litri,Circa 40 (Quaranta) litri,Circa 80 (Ottanta) litri,Circa 40 (Quaranta) litri
IDROCOLONTERAPIA,NTID18,Se un paziente soffre di emorroidi è possibile effettuare l'Idrocolonterapia?,Si,No,Si ma solo se sono emorroidi esterne,Si ma solo se le emorroidi non sono in fase acuta,Si ma solo se le emorroidi non sono in fase acuta
IDROCOLONTERAPIA,NTID19,Un ciclo di Idrocolonterapia può risultare utile nella cura della psoriasi?,Si,No,Solo se è abbinato a Cortisone,Solo se abbinato a Paracetamolo,Si
IDROCOLONTERAPIA,NTID20,Una persona considerata stitica se defeca dopo,8 ore,12 ore,24 ore,36 ore,36 ore
MASSAGGIO CONNETTIVALE,NTMC1,Chi è la ideatrice del massaggio connettivale?,Ida Rolf,Eunice Ingham,Elisabeth Dicke,,Elisabeth Dicke
MASSAGGIO CONNETTIVALE,NTMC2,Con il massaggio connettivale si stimola il corpo,Nel segmento colpito dal male,In modo violento,In fase acuta,Nessuna delle precedenti,Nessuna delle precedenti
MASSAGGIO CONNETTIVALE,NTMC3,Il massaggio connettivale è un massaggio,Indicato in ogni terapia,Un trattamento sintomatico,Nessuna delle precedenti,,Un trattamento sintomatico
MASSAGGIO CONNETTIVALE,NTMC4,Il massaggio connettivale inizia sempre,Con la piccola preparazione,Nella parte dorsale,Stimolando gli arti inferiori,,Con la piccola preparazione
MASSAGGIO CONNETTIVALE,NTMC5,Il massaggio connettivale rappresenta,Una tecnica di massaggio riflesso,Una tecnica per un ottenere un equilibrio funzionale,Una tecnica superficiale e poco utile,,Una tecnica di massaggio riflesso
MASSAGGIO CONNETTIVALE,NTMC6,Il massaggio connettivale si basa principalmente su manualità,Di trazione con le dita o con la mano intera,Di rilassamento,Di sfioramento leggero,,Di trazione con le dita o con la mano intera
MASSAGGIO CONNETTIVALE,NTMC7,Il massaggio connettivale stimola,La cute,Il connettivo,Nessuna delle precedenti,,Il connettivo
MASSAGGIO CONNETTIVALE,NTMC8,La colonna vertebrale nel massaggio connettivale,Non viene mai stimolata,Si stimola solo nella zona lombosacrale,Nessuna delle precedenti,,Nessuna delle precedenti
MASSAGGIO CONNETTIVALE,NTMC9,La piccola preparazione,È solo dorsale,È solo ventrale,È dorsale e ventrale,,È dorsale e ventrale
MASSAGGIO CONNETTIVALE,NTMC10,La preparazione di base influenza il sistema nervoso,Ortosimpatico,Parasimpatico,Solo uno dei due a seconda della situazione del paziente,,Parasimpatico
MASSAGGIO CONNETTIVALE,NTMC11,Le trazioni accessorie,Sono manualità aggiuntive alle manualità di base,Trazioni da eseguire solo in casi specifici e indicati,Manualità da eseguire sempre in base al distretto corporeo interessato,,Sono manualità aggiuntive alle manualità di base
MASSAGGIO CONNETTIVALE,NTMC12,Lo stimolo deve essere applicato,Lontano dalle zone ammalate,Solo su alcuni strati tissutali,In modo standardizzato per tutti i pazienti,,Lontano dalle zone ammalate
MASSAGGIO CONNETTIVALE,NTMC13,Per dermatomo si intende,Parte infiammata della cute,Territorio di innervazione del nervo spinale nella cute e nel sottocute,Nessuna delle precedenti,,Territorio di innervazione del nervo spinale nella cute e nel sottocute
MASSAGGIO CONNETTIVALE,NTMC14,Per enterotomo si intende,Uno dei tre foglietti embrionali,Territorio di innervazione del nervo spinale negli organi interni,Entrambe le precedenti,,Territorio di innervazione del nervo spinale negli organi interni
MASSAGGIO CONNETTIVALE,NTMC15,Per miotomo si intende,Distretto corporeo muscolare,Territorio di innervazione del nervo spinale nella muscolatura scheletrica,Nessuna delle precedenti,,Territorio di innervazione del nervo spinale nella muscolatura scheletrica
MTC E DIETETICA CINESE,NTCI1,Come viene chiamata la MTC usata prima della Repubblica?,Medicina tradizionale cinese classica,Medicina cinese classica,Medicina contemporanea,Medicina tradizionale contemporanea,Medicina cinese classica
MTC E DIETETICA CINESE,NTCI2,Con quale dinastia si consolida il modello interpretativo nuovo dell'uso della teoria dei 5 movimenti?,La dinastia Han,La dinastia Song,La dinastia Ming,Nessuna risposta è corretta,La dinastia Han
MTC E DIETETICA CINESE,NTCI3,Cos'è lo Shen?,È lo spirito divino che scende sull'uomo e nell'uomo fino a farne parte,È un canale dove scorre energia,Entrambe le risposte sono valide,Nessuna risposta è corretta,È lo spirito divino che scende sull'uomo e nell'uomo fino a farne parte
MTC E DIETETICA CINESE,NTCI4,Cosa rappresentano i 9 Palazzi,Le nove condizioni esperienziali dell'esistenza,Le nove emozioni associate ai 5 movimenti,Entrambe le risposte sono valide,Nessuna risposta è corretta,Le nove condizioni esperienziali dell'esistenza
MTC E DIETETICA CINESE,NTCI5,Definizione di Tao,È la via il cammino,È il sapere efficace la capacità di cambiare,Entrambe le risposte sono valide,Nessuna risposta è corretta,Entrambe le risposte sono valide
MTC E DIETETICA CINESE,NTCI6,Dove risiede il Po (anima corporale),Rene,Polmone,Milza,Cuore,Polmone
MTC E DIETETICA CINESE,NTCI7,Dove risiede lo Hun (anima eterica),Cuore,Polmone,Fegato,Milza,Fegato
MTC E DIETETICA CINESE,NTCI8,Dove risiede lo Yi (pensiero razionale),Polmone,Rene,Milza,Fegato,Milza
MTC E DIETETICA CINESE,NTCI9,Dove risiede lo Zhi (volontà),Fegato,Rene,Cuore,Polmone,Rene
MTC E DIETETICA CINESE,NTCI10,Gli organi per la MTC sono,Yin,Yang,Nessuna delle precedenti,Tutte le precedenti,Yin
MTC E DIETETICA CINESE,NTCI11,I visceri per la MTC sono,Yang,Yin,Entrambe le risposte sono corrette,Nessuna risposta è corretta,Yang
MTC E DIETETICA CINESE,NTCI12,Il cielo anteriore,Rappresenta la nostra unicità fin dal concepimento,È un dono che riceviamo alla nascita,Entrambe le risposte sono corrette,Nessuna risposta è corretta,Entrambe le risposte sono corrette
MTC E DIETETICA CINESE,NTCI13,Il cielo posteriore,È un'energia acquisita,Energia che l'uomo rinnova quotidianamente fin dal momento della nascita,Entrambe le risposte sono corrette,Nessuna risposta è corretta,Entrambe le risposte sono corrette
MTC E DIETETICA CINESE,NTCI14,Il Confucianesimo è finalizzato,Alla politica,Alla persona nobile,È fortemente gerarchizzato,Tutte le precedenti,Tutte le precedenti
MTC E DIETETICA CINESE,NTCI15,Il pensiero cinese si divide tra quello,Taoismo e confucianesimo,Taoismo dinastie,Taoismo confucianesimo e dinastie,Nessuna risposta è corretta,Taoismo e confucianesimo
MTC E DIETETICA CINESE,NTCI16,Il sistema dei meridiani (Jing Luo) è,Un vero e proprio intreccio,La rete che anima l'organismo,L'insieme dei percorsi energetici,Sono tutte corrette,Sono tutte corrette
MTC E DIETETICA CINESE,NTCI17,La medicina cinese ha avuto origine dal,1976,1893,1943,1942,1943
MTC E DIETETICA CINESE,NTCI18,Le 5 virtù confuciane,Benevolenza integrità affidabilità rettitudine conoscenza,Rettitudine conoscenza consapevolezza affidabilità sostenibilità,Nessuna delle precedenti,Tutte le precedenti,Benevolenza integrità affidabilità rettitudine conoscenza
MTC E DIETETICA CINESE,NTCI19,Le scuole in comune ai due pensieri filosofici sono,Scuola dei mutamenti,Scuola yin-yang,Scuola dei mutamenti cinque movimenti,Tutte le precedenti,Tutte le precedenti
MTC E DIETETICA CINESE,NTCI20,Lo yin e lo yang indicano,Due sostanze o due entità,Due entità opposte e complementari secondo cui si esprime la realtà,Entrambe sono errate,Tutte le precedenti,Due entità opposte e complementari secondo cui si esprime la realtà
MTC E DIETETICA CINESE,NTCI21,Qual è la scuola che si occupa dello studio di interpretazione dei numeri?,Daoyin,Artimologia,Daode,Nessuna risposta è corretta,Artimologia
MTC E DIETETICA CINESE,NTCI22,Quali energie vengono indicate come i 3 tesori?,Jing Qi e Shen,Yin Qi e Shen,Jing Yang e Shen,Yang Shen e Qi,Jing Qi e Shen
MTC E DIETETICA CINESE,NTCI23,Quali sono le leggi che coordinano i 5 movimenti?,Legge di Generazione,Legge di Controllo,Entrambe,Nessuna,Entrambe
MTC E DIETETICA CINESE,NTCI24,Quanti Shen si conoscono?,6,5,10,4,5
MTC E DIETETICA CINESE,NTCI25,Storia della Cina,Periodo antico e moderno,Periodo antico periodo imperiale e storia moderna,Periodo antico e imperiale,Nessuna risposta è corretta,Periodo antico periodo imperiale e storia moderna
PRIMO SOCCORSO,NTPS1,Cosa si intende per ferita,Soluzione di continuità di un osso,Soluzione di continuità della cute,Soluzione di continuità di un'articolazione,,Soluzione di continuità della cute
PRIMO SOCCORSO,NTPS2,I sintomi tipici di un infarto miocardico acuto sono (indicare la risposta più completa),Dolore toracico irradiato all'arto superiore sinistro accompagnato di dispnea sudorazione algida pallore cutaneo e sensazione di morte imminente,Solo dolore toracico,Dolore toracico senza irradiazione ma con dispnea,,Dolore toracico irradiato all'arto superiore sinistro accompagnato di dispnea sudorazione algida pallore cutaneo e sensazione di morte imminente
PRIMO SOCCORSO,NTPS3,Il numero per la chiamata d'emergenza sanitaria è,116,Solo ed esclusivamente 112 in tutta Italia,112 o 118 a seconda dello stato di attivazione del numero unico da parte delle regioni,,112 o 118 a seconda dello stato di attivazione del numero unico da parte delle regioni
PRIMO SOCCORSO,NTPS4,Il primo soccorso può essere prestato da,Chiunque si trovi davanti ad un infortunato o ad una persona che sta male,Solo da personale sanitario,Solo da personale sanitario e in pronto soccorso,,Chiunque si trovi davanti ad un infortunato o ad una persona che sta male
PRIMO SOCCORSO,NTPS5,In caso di emorragia esterna qual è il comportamento più indicato,Mettere un cerotto sulla parte,Adottare opportune misure di protezione da contatto con sangue e tamponare la parte,Mettere del cotone affinché assorba il sangue che sta fuoriuscendo,,Adottare opportune misure di protezione da contatto con sangue e tamponare la parte
PRIMO SOCCORSO,NTPS6,In caso di frattura esposta è necessario,Disinfettare il moncone osseo esposto,Immobilizzare l'arto e coprire il moncone esposto,Lavare la zona con acqua e sapone,,Immobilizzare l'arto e coprire il moncone esposto
PRIMO SOCCORSO,NTPS7,In caso di rianimazione cardiopolmonare in un adulto qual è il giusto rapporto tra compressioni toraciche e insufflazioni,55,155,302,,302
PRIMO SOCCORSO,NTPS8,In caso di svenimento in assenza di traumatismi come si deve posizionare la persona,Far sedere la persona e svestirla,Caricarla sulle spalle e portarla nel letto più vicino,Far stendere la persona e sollevarle gli arti inferiori,,Far stendere la persona e sollevarle gli arti inferiori
PRIMO SOCCORSO,NTPS9,L'acronico P.A.S. significa,Proteggi avverti e soccorri,Partecipa avverti e soccorri,Proteggi avvicinati e sostieni,,Proteggi avverti e soccorri
PRIMO SOCCORSO,NTPS10,L'emorragia può essere,Solo arteriosa,Solo venosa,Sia venosa che arteriosa,,Sia venosa che arteriosa
PRIMO SOCCORSO,NTPS11,La finalità del Basic Life Support (BLS) è,Far ripartire il cuore,Mantenere la perfusione cerebrale durante l'arresto cardiaco,Far respirare la persona,,Mantenere la perfusione cerebrale durante l'arresto cardiaco
PRIMO SOCCORSO,NTPS12,La manovra di Heimlich è utile per,Disostruire le vie aeree da un corpo estraneo,Favorire il ritorno venoso in caso di shock,Valutare l'estensione di un'ustione,,Disostruire le vie aeree da un corpo estraneo
PRIMO SOCCORSO,NTPS13,Oltre alla protezione sia dell'infortunato che del soccorritore quale tra le seguenti è la prima misura da adottare in caso di ustione,Spalmare crema emolliente,Raffreddare la parte colpita,Mettere cotone e ghiaccio sulla parte colpita,,Raffreddare la parte colpita
PRIMO SOCCORSO,NTPS14,Quale tra queste NON è una responsabilità del primo soccorritore,Allertare i soccorsi,Proteggersi da eventuali rischi,Fare diagnosi,,Fare diagnosi
PRIMO SOCCORSO,NTPS15,Un paziente che si presenta a terra incosciente rigidità articolare movimenti tonico-clonici degli arti potrebbe verosimilmente avere,Una crisi asmatica,Uno stato d'ansia generalizzato,Una crisi convulsiva,,Una crisi convulsiva
PSICOLOGIA,NTPC1,Concetto di percezione del Campo Personale,una zona nell'ambiente dove viviamo che non vogliamo condividere con altre persone e che il cliente non vorrà condividere con voi,un'area relegata ai ricordi d'infanzia che come MCB non devi assolutamente toccare,un'area prossimale extracorporea che contiene e veicola informazioni e percezioni personali di cui il professionista nella relazione di aiuto deve divenire consapevole,,un'area prossimale extracorporea che contiene e veicola informazioni e percezioni personali di cui il professionista nella relazione di aiuto deve divenire consapevole
PSICOLOGIA,NTPC2,Cosa si intende con Corazze Muscolo Affettive (o segmenti corporei?),che il carattere è registrato anche nel corpo con tutti i suoi aspetti e memorie e va posta grande attenzione lavorando su pazienti attraverso manovre e tocchi corporei.,che ogni cliente ha tanti segmenti muscolari diversi che bisogna conoscere e memorizzare menadito,che non possiamo osservare il carattere del cliente perché si annulla nel corpo,,che il carattere è registrato anche nel corpo con tutti i suoi aspetti e memorie e va posta grande attenzione lavorando su pazienti attraverso manovre e tocchi corporei.
PSICOLOGIA,NTPC3,Cosa si intende con il termine AUTOSVILUPPO nell'ambito della Psicologia Cosciente OM dello Sviluppo Personale?,Che lo sviluppo umano è automatico e non dobbiamo prendercene cura,Che in età adulta la responsabilità dello sviluppo non è piu' demandata all'ambiente e ad altre figure ma è personale ed è una scelta di consapevolezza,Che nei primi anni di vita lo sviluppo è naturale e avviene da se',,Che in età adulta la responsabilità dello sviluppo non è piu' demandata all'ambiente e ad altre figure ma è personale ed è una scelta di consapevolezza
PSICOLOGIA,NTPC4,Gli Strati dell'IO nel Modello I.B.P. di Rosemberg,Se' Super IO Inconscio,Conscio Inconscio Superconscio,Mentale Difensivo Emotivo (Nucleo),,Mentale Difensivo Emotivo (Nucleo)
PSICOLOGIA,NTPC5,I tre principi base della teoria Polivagale,Primario Secondario Neutro,Gerarchia Neurocezione Coregolazione,Mente Pensiero Consapevolezza,,Gerarchia Neurocezione Coregolazione
PSICOLOGIA,NTPC6,Il Carattere è una protezione che creiamo per le seguenti ragioni,Protezione da pericoli reali e immaginari adattamento alle richieste dell'ambiente,Per non diventare grandi e restare nell'età dello sviluppo,Perché siamo sbilanciati verso comportamenti emotivi,,Protezione da pericoli reali e immaginari adattamento alle richieste dell'ambiente
PSICOLOGIA,NTPC7,La divisione del Nervo Vago del SNA della Teoria Polivagale,Simpatico,Ventro Vagale Dorso Vagale e Simpatico,Ventro Vagale e Dorso Vagale,,Ventro Vagale Dorso Vagale e Simpatico
PSICOLOGIA,NTPC8,Le emozioni sono una funzione antica per cui,Il cervello prima di sentire comprende,Il cervello prima di comprendere sente,Il cervello comprende e non deve sentire,,Il cervello prima di comprendere sente
PSICOLOGIA,NTPC9,Perché secondo te abbiamo sottolineato l'importanza del concetto di Messaggi Energetici o Neurologici?,Perché dobbiamo stare attenti a come parliamo pena l'isolamento sociale,☑ Perché esiste una comunicazione di coregolazione sottile di cui essere coscienti che è potente quanto quella manifesta ed è un presidio importante nelle professioni di aiuto,Perché ci aiutano a spiegarci meglio tenendo conto di tante sfumature e concetti,,☑ Perché esiste una comunicazione di coregolazione sottile di cui essere coscienti che è potente quanto quella manifesta ed è un presidio importante nelle professioni di aiuto
PSICOLOGIA,NTPC10,Quali sono gli stati del carattere nel modello che abbiamo utilizzato nelle lezioni?,Abbandonato Invaso Come SE,Abulico dinamico eccentrico,Introverso estroverso neutro,,Abbandonato Invaso Come SE
SICUREZZA SUL LAVORO,NTSL1,Che cosa è l'infortunio in itinere?,Un infortunio che avviene quando il Lavoratore si muove tra i vari reparti della sede aziendale,Un incidente stradale durante il ritorno dal lavoro,Un infortunio che può avvenire nel tragitto per raggiungere o ritornare dal posto di lavoro,,Un infortunio che può avvenire nel tragitto per raggiungere o ritornare dal posto di lavoro
SICUREZZA SUL LAVORO,NTSL2,Che cosa è un infortunio?,Una lesione subita dal Lavoratore in occasione di lavoro per una causa violenta e improvvisa,Un trauma dovuto ad un incidente avvenuto fuori dall'ambito lavorativo,Una malattia che si manifesta dopo vari anni dall'esposizione al rischio da lavoro,,Una lesione subita dal Lavoratore in occasione di lavoro per una causa violenta e improvvisa
SICUREZZA SUL LAVORO,NTSL3,Che cosa è una malattia professionale,È una patologia che si manifesta con violenza durante lo svolgimento dell'attività lavorativa,È una patologia la cui causa agisce lentamente e progressivamente sull'organismo,È un disturbo che obbliga il lavoratore a richiedere un periodo di riposo di almeno un mese,,È una patologia la cui causa agisce lentamente e progressivamente sull'organismo
SICUREZZA SUL LAVORO,NTSL4,Come vengono classificati i Dispositivi di Protezione Individuale (DPI)?,Classe A - Classe B - Classe C,1° Categoria - 2° Categoria - 3° Categoria,Fascia Verde - Fascia Gialla - Fascia Rossa,,1° Categoria - 2° Categoria - 3° Categoria
SICUREZZA SUL LAVORO,NTSL5,Cosa è necessario fare dopo aver effettuato la valutazione dei rischi?,È necessario intraprendere azioni di riduzione dei rischi,Darne comunicazione all'ATS territoriale,La riduzione del rischio non basta è necessario procedere alla totale eliminazione degli stessi,,È necessario intraprendere azioni di riduzione dei rischi
SICUREZZA SUL LAVORO,NTSL6,Cosa si intende per rischio residuo,Rischio non valutato alla fonte,Rischio rimanente a seguito del trattamento del rischio,Rischio non significativo o accettabile,,Rischio rimanente a seguito del trattamento del rischio
SICUREZZA SUL LAVORO,NTSL7,I cartelli segnaletici di avvertimento,Hanno forma rotonda e vietano un'azione,Hanno forma triangolare e segnalano un pericolo,Hanno forma rettangolare e segnalano un rischio,,Hanno forma triangolare e segnalano un pericolo
SICUREZZA SUL LAVORO,NTSL8,I lavoratori che non indossano i DPI sono punibili con,Il declassamento o il cambiamento di mansione,L'arresto fino a un mese o l'ammenda da €. 254 a 737,Il licenziamento immediato,,L'arresto fino a un mese o l'ammenda da €. 254 a 737
SICUREZZA SUL LAVORO,NTSL9,I lavoratori hanno l'obbligo di,Utilizzare in modo appropriato i dispositivi di protezione messi a loro disposizione,Eleggere un loro rappresentante per la sicurezza,Contribuire attivamente alla valutazione dei rischi,,Utilizzare in modo appropriato i dispositivi di protezione messi a loro disposizione
SICUREZZA SUL LAVORO,NTSL10,Il DVR aziendale è,Il Documento di Valutazione del Rendimento dei Lavoratori,Il Documento di Valutazione dei Rischi che comprende obbligatoriamente tutti i rischi identificabili,Un Documento facoltativo che può essere consultato solo dal Datore di Lavoro e dall'RSPP,,Il Documento di Valutazione dei Rischi che comprende obbligatoriamente tutti i rischi identificabili
SICUREZZA SUL LAVORO,NTSL11,Il lavoratore che rilevi un problema di sicurezza deve,Proseguire nell'attività attendendo che il problema venga rilevato e risolto dal Preposto,Segnalarla immediatamente al Datore di Lavoro o al Preposto,Proseguire nell'attività senza preoccuparsi perché è un problema del Datore di Lavoro,,Segnalarla immediatamente al Datore di Lavoro o al Preposto
SICUREZZA SUL LAVORO,NTSL12,Il Medico Competente può rivelare i dati sanitari dei lavoratori?,Solo al Datore di Lavoro,Solo al Rappresentante dei Lavoratori per la sicurezza,Solo all'Autorità Giudiziaria (Magistrato) o agli Ufficiali della ATS e solo per motivi di indagine,,Solo all'Autorità Giudiziaria (Magistrato) o agli Ufficiali della ATS e solo per motivi di indagine
SICUREZZA SUL LAVORO,NTSL13,Il Rappresentante dei Lavoratori per la Sicurezza,Ha l'obbligo di sanzionare i lavoratori che non osservano le misure di sicurezza,Ha l'obbligo di segnalare ai responsabili aziendali i rischi identificati o di cui viene a conoscenza dai lavoratori,Riceve l'incarico dal Datore di Lavoro che lo sceglie tra le persone di propria assoluta fiducia,,Ha l'obbligo di segnalare ai responsabili aziendali i rischi identificati o di cui viene a conoscenza dai lavoratori
SICUREZZA SUL LAVORO,NTSL14,Il rischio è,La possibilità che accada un evento imprevedibile,La capacità di una sostanza pericolosa di fare danno,La combinazione della probabilità e della conseguenza del verificarsi di uno specifico evento dannoso,,La combinazione della probabilità e della conseguenza del verificarsi di uno specifico evento dannoso
SICUREZZA SUL LAVORO,NTSL15,L'informazione sui rischi aziendali è,Una attività che viene svolta solo al momento dell'assunzione in azienda poi è a discrezione del lavoratore,"Facoltativa per il datore di lavoro per i Dirigenti e Preposti, obbligatoria per tutti i Lavoratori",Obbligatoria per tutti Lavoratori che sono tenuti a partecipare agli incontri di informazione,,Obbligatoria per tutti Lavoratori che sono tenuti a partecipare agli incontri di informazione
SICUREZZA SUL LAVORO,NTSL16,La Valutazione del rischio e la redazione del relativo documento sono un obbligo,del Medico Competente,del Datore di Lavoro,dell'R.S.P.P.,,del Datore di Lavoro
SICUREZZA SUL LAVORO,NTSL17,Nella valutazione del rischio incendio cosa è un comburente?,È la condizione energetica necessaria perché la reazione di combustione abbia luogo,È una sostanza che agisce come agente ossidante di un combustibile in una reazione di combustione,È una sostanza naturale o artificiale (solida – liquida – gassosa) capace di infiammarsi organica o inorganica,,È una sostanza che agisce come agente ossidante di un combustibile in una reazione di combustione
SICUREZZA SUL LAVORO,NTSL18,Quale tra i seguenti Enti è Organo di vigilanza e Assistenza in materia di Sicurezza sul Lavoro?,Polizia Provinciale,Polizia Urbana,A.T.S.,,A.T.S.
SICUREZZA SUL LAVORO,NTSL19,Tra i compiti degli addetti alla gestione delle emergenze vi sono,Predisporre il Piano di intervento in caso di incidente rilevante,Allertare il sistema di soccorso,Organizzare l'evacuazione dei luoghi di lavoro,,Allertare il sistema di soccorso
SICUREZZA SUL LAVORO,NTSL20,Tra i compiti del Responsabile del Servizio di Prevenzione e Protezione vi è,Coordinare il Servizio di Prevenzione e Protezione,La vigilanza sul rispetto delle norme da parte dei lavoratori,La valutazione dell'idoneità psicofisica dei Lavoratori,,Coordinare il Servizio di Prevenzione e Protezione
SIMULAZIONE BUSTA A,SIMA1,Le articolazioni fra coste e rachide dorsale sono classificate come,Artrodie ,Sinartrosi ,Enartrosi complesse ,,Sinartrosi 
SIMULAZIONE BUSTA A,SIMA2,La Grande Cavità pelvica si può identificare con lo spazio,Sottostante lo stretto superiore ,Delimitato dalle due anche ,Corrispondente alle fosse iliache interne ,,Delimitato dalle due anche 
SIMULAZIONE BUSTA A,SIMA3,L'osso occipitale è:,Un osso pari e simmetrico ospitante sul versante interno le fosse occipitali ,Un osso impari e mediano ospitante le fosse occipitali e cerebellari ,Un osso impari situato anteriormente e delimitante le cavità orbitarie ,,Un osso impari e mediano ospitante le fosse occipitali e cerebellari 
SIMULAZIONE BUSTA A,SIMA4,La colonna vertebrale presenta le seguenti curve fisiologiche:,Lordosi cervicale  cifosi dorsale  lordosi lombare e cifosi sacro-coccigea ,Lordosi cervicale e toracica  cifosi lombare e lordosi sacro-coccigea ,Cifosi cervicale  lordosi toraco-lombare e cifosi sacro-coccigea ,,Lordosi cervicale  cifosi dorsale  lordosi lombare e cifosi sacro-coccigea 
SIMULAZIONE BUSTA A,SIMA5,Le prominenze ossee apprezzabili al tatto sulla linea mediana posteriore corrispondono a,Processi trasversi delle vertebre ,Processi spinosi delle vertebre ,Processi articolari vertebrali ,,Processi spinosi delle vertebre 
SIMULAZIONE BUSTA A,SIMA6,Quali compiti svolgono fondamentalmente le proteine?,Forniscono energia a pronta e lenta utilizzazione ,Hanno una funzione plastica e bioregolatoria ,Hanno un ruolo costruttivo e di deposito di energia ,,Hanno una funzione plastica e bioregolatoria 
SIMULAZIONE BUSTA A,SIMA7,Quali compiti svolge il duodeno?,Motoria  endocrina  digestiva e di assorbimento ,Motoria e di assorbimento delle unità elementari dei nutrienti ,Motoria  digestiva e di assorbimento ,,Motoria  endocrina  digestiva e di assorbimento 
SIMULAZIONE BUSTA A,SIMA8,Cos'è l'Igiene?,Disciplina che studia la diffusione delle infezioni ,Modalità di trasmissione delle malattie infettive ,Branca della medicina che mira alla tutela della salute collettiva ed individuale attraverso la prevenzione ,,Branca della medicina che mira alla tutela della salute collettiva ed individuale attraverso la prevenzione 
SIMULAZIONE BUSTA A,SIMA9,La disinfezione è definita come:,Insieme di misure attuate per rimuovere fisicamente la sporcizia ,Insieme di misure attuate per ridurre il numero di microrganismi capaci di provocare malattia ,Insieme di misure attuate per distruggere completamente tutte le forme di vita microbica ,,Insieme di misure attuate per ridurre il numero di microrganismi capaci di provocare malattia 
SIMULAZIONE BUSTA A,SIMA10,Cosa sono i guanti?,Dispositivi di protezione individuale ,Dispositivi di prevenzione individuale ,Attrezzature sanitarie ,,Dispositivi di protezione individuale 
SIMULAZIONE BUSTA A,SIMA11,Quanti e quali sono i massaggi?,Sono 5: mass  curativo  terapeutico  olistico  estetico  sportivo,Sono 6: mass  terapeutico  curativo  olistico  estetico  igienico  sportivo,Sono 5: mass  curativo  olistico  sportivo  igienico  estetico,,Sono 5: mass  curativo  olistico  sportivo  igienico  estetico
SIMULAZIONE BUSTA A,SIMA12,Indicare l' utilità dell' impastamento:,Favorisce l'eliminazione dei cataboliti e scioglie le miogelosi ,Diminuzione del tono muscolare con effetti mio-rilassante ,A livello cutaneo determina una risoluzione a stati aderenziali con effetto iperemizzante ,,Diminuzione del tono muscolare con effetti mio-rilassante 
SIMULAZIONE BUSTA A,SIMA13,Lo scuotimento provoca:,Una caduta del tono muscolare e conseguente rilassamento muscolare ,Lo scioglimento delle contratture ,Una tonificazione muscolare ,,Una caduta del tono muscolare e conseguente rilassamento muscolare 
SIMULAZIONE BUSTA A,SIMA14,In caso di impossibilità di effettuare il massaggio causato dal dolore,Continuo a massaggiare fino ad attenuare il dolore ,Prescrivo un antinfiammatorio e lo rivedo in un altro momento ,Interrompo immediatamente la seduta ,,Interrompo immediatamente la seduta 
SIMULAZIONE BUSTA A,SIMA15,Il muscolo estensore breve delle dita:,Estende il 2°  3°  4° e 5° dito del piede,Estende dal 2° al 4° dito del piede,Estende dal 3° al 5° dito del piede,,Estende dal 2° al 4° dito del piede
SIMULAZIONE BUSTA A,SIMA16,Durante un massaggio è consigliato:,Utilizzare olio minerale addizionato con olio essenziale ,Utilizzare olio vegetale addizionato olio essenziale ,Utilizzare olio essenziale ,,Utilizzare olio vegetale addizionato olio essenziale 
SIMULAZIONE BUSTA A,SIMA17,Il punto riflesso del cuore è:,Sulla 3^ articolazione del piede destro,Sulla 4^ articolazione del piede sinistro,Sulla 4^ articolazione del piede destro,,Sulla 4^ articolazione del piede sinistro
SIMULAZIONE BUSTA A,SIMA18,I punti riflessi dell' apparato genitale indiretto si trova:,Sotto il tallone ,Nella zona mediale a livello del malleolo ,Comincia nella zona laterale sotto il malleolo e prosegue in zona mediale ,,Sotto il tallone 
SIMULAZIONE BUSTA A,SIMA19,L'apparato gastrointestinale comincia da:,Piede destro sotto il primo dito con lo stomaco ,Piede sinistro in visione mediale a livello del colon trasverso ,Piede sinistro nella zona plantare interdigitale tra il primo e secondo dito ,,Piede sinistro nella zona plantare interdigitale tra il primo e secondo dito 
SIMULAZIONE BUSTA A,SIMA20,Perchè è importante conoscere il fenomeno della Rifrazione in una seduta di IdroKinesi?,Perchè può incidere con il reale movimento di un corpo in acqua se osservando da un punto esterno ,Non è importante ,Perchè può variare la densità dell'acqua ,,Perchè può incidere con il reale movimento di un corpo in acqua se osservando da un punto esterno 
SIMULAZIONE BUSTA A,SIMA21,Nella seduta di IdroKinesi cosa è consigliato trattare nella posizione supina in galleggiamento?,Solo l'arto inferiore ,Arto superiore e zona cervicale ,Nessuna delle precedenti ,,Nessuna delle precedenti 
SIMULAZIONE BUSTA A,SIMA22,La pressione idrostatica e la spinta idrostatica?,Sono forze che agisco sui tessuti del corpo umano ,Sono riferibili all'ambiente terrestre e non acquatico ,Non sono forze fisico-meccaniche che interessano l'Idro Kinesi ,,Sono forze che agisco sui tessuti del corpo umano 
SIMULAZIONE BUSTA A,SIMA23,Il Beccheggio:,È il movimento sull'asse longitudinale ,È il movimento sull'asse trasversale ,Nessuna delle precedenti ,,È il movimento sull'asse trasversale 
SIMULAZIONE BUSTA A,SIMA24,Un corpo non idrodinamico che crea molte turbolenze:,Per muoversi ha bisogno di meno forza rispetto ad un corpo idrodinamico ,Non può muoversi in ambiente acquatico e non è interessante per esercizi di idrokinesi ,Può essere considerato per esercizi di potenziamento muscolare ,,Può essere considerato per esercizi di potenziamento muscolare 
SIMULAZIONE BUSTA A,SIMA25,Il sistema linfatico nasce:,A fondo cieco nello spazio interstiziale ,Direttamente dai capillari arteriosi ,Direttamente dai capillari venosi ,,A fondo cieco nello spazio interstiziale 
SIMULAZIONE BUSTA A,SIMA26,Il sistema linfatico ha funzione di:,Mantenere il volume ematico totale ,Termoregolazione ,Ossigenazione tissutale ,,Mantenere il volume ematico totale 
SIMULAZIONE BUSTA A,SIMA27,Controindicazioni relative del linfodrenaggio:,Insufficienza cardiaca ,Tbc ,Fragilità capillare ,,Insufficienza cardiaca 
SIMULAZIONE BUSTA A,SIMA28,Il linfagione:,È posto solo in profondità sotto la fascia muscolare ,È l'unità strutturale del sistema linfatico ,Non è dotato di capacità contrattile ,,È l'unità strutturale del sistema linfatico 
SIMULAZIONE BUSTA A,SIMA29,Nell'ilo linfonodale troviamo:,Vasi linfatici afferenti al linfonodo ,Vasi linfatici efferenti ,Nessuna delle precedenti ,,Vasi linfatici efferenti 
SIMULAZIONE BUSTA A,SIMA30,Il linfonodo è costituito da:,Capsula  corticale e midollare ,Capsula e nucleo ,Capsula  tessuto spugnoso e nucleo ,,Capsula  corticale e midollare 
SIMULAZIONE BUSTA A,SIMA31,Il tessuto connettivo è formato da:,Sostanza intercellulare ,Acqua e cellule ,Linfa e cellule ,,Sostanza intercellulare 
SIMULAZIONE BUSTA A,SIMA32,Il tessuto cartilagineo:,È un tipo di tessuto connettivale ,Non è un tessuto ,È un tessuto ma non di tipo connettivale ,,È un tipo di tessuto connettivale 
SIMULAZIONE BUSTA A,SIMA33,Il sangue e la linfa:,Non sono tessuti ,Sono dei tessuti connettivali ,Sono tessuti non di tipo connettivale ,,Sono dei tessuti connettivali 
SIMULAZIONE BUSTA A,SIMA34,Il massaggio connettivale ha un'azione:,Locale ,Riflessa ,Locale e riflessa ,,Locale e riflessa 
SIMULAZIONE BUSTA A,SIMA35,Le manualità del massaggio connettivale sono:,Dermica  muscolare  neuronale ,Cutaneo  sottocutaneo  fascia ,Cutaneo  muscolare  fascia ,,Dermica  muscolare  neuronale 
SIMULAZIONE BUSTA A,SIMA36,Applicando il Tape Kinesiologico longitudinale al ventre muscolare con tensione di circa 70% che azione ottengo?,Miorilassante antalgica ,Eccito motoria ,Nessuna delle precedenti ,,Eccito motoria 
SIMULAZIONE BUSTA A,SIMA37,La tensione applicativa di TapeKinesiologico con tecnica Pocket o Drenante deve essere?,Da circa 0 a 20%,Da circa 20 a 50%,Da circa 50 a 70%,,Da circa 0 a 20%
SIMULAZIONE BUSTA A,SIMA38,Quale è la caratteristica della colla adesiva presente sul TapeKinesiologico?,È paragonabile alla benda coesiva ,Non ha caratteristiche distintive da altre bende adesive ,È spalmata a onde ,,È spalmata a onde 
SIMULAZIONE BUSTA A,SIMA39,La Costituzione tutela la salute in Italia?,Nella Costituzione non è tutelata la salute ,La Costituzione  nell'art 32  riconosce la tutela la salute come diritto fondamentale dell'individuo e interesse della collettività  garantendo la possibilità di curarsi anche agli indigenti,La Costituzione tutela la salute come diritto fondamentale dell'individuo solo nei confronti dei cittadini che pagano le tasse ,,La Costituzione  nell'art 32  riconosce la tutela la salute come diritto fondamentale dell'individuo e interesse della collettività  garantendo la possibilità di curarsi anche agli indigenti
SIMULAZIONE BUSTA A,SIMA40,Che cos'è la capacità di agire?,Capacità di essere titolare di diritti e di obblighi ,Capacità di poter disporre dei propri diritti e di poter assumere obblighi ,Capacità di muoversi liberamente in Italia ,,Capacità di poter disporre dei propri diritti e di poter assumere obblighi 
SIMULAZIONE BUSTA A,SIMA41,Che cos'è la capacità giuridica?,Capacità di essere titolare di diritti e di obblighi ,Capacità di poter disporre dei propri diritti e di poter assumere obblighi ,Capacità di poter acquistare un appartamento ,,Capacità di essere titolare di diritti e di obblighi 
SIMULAZIONE BUSTA A,SIMA42,Nel documento di valutazione dei rischi devono essere individuate le misure di prevenzione e di protezione dei rischi?:,No ,Si  solo se l'impresa è di proprietà dello Stato ,Si  sempre ,,Si  sempre 
SIMULAZIONE BUSTA A,SIMA43,A cosa serve il sistema miofasciale?,A proteggere le articolazioni ,A migliorare il trofismo dei muscoli ,A mettere in comunicazione organi e tessuti ,,A mettere in comunicazione organi e tessuti 
SIMULAZIONE BUSTA A,SIMA44,Il massaggio su tumefazioni linfonodali:,Si può effettuare sulla zona infiammata ,Si può effettuare sugli altri distretti corporei ,Non si può effettuare ,,Non si può effettuare 
SIMULAZIONE BUSTA A,SIMA45,La fascia è:,Molto vascolarizzata ,Non è affatto vascolarizzata ,Poco vascolarizzata ,,Poco vascolarizzata 
SIMULAZIONE BUSTA A,SIMA46,Di quale tessuto è formata la fascia?,Osseo ,Muscolare ,Connettivale ,,Connettivale 
SIMULAZIONE BUSTA A,SIMA47,Il massaggio miofasciale migliora:,La postura ,La cellulite ,Il tono della pelle ,,La postura 
SIMULAZIONE BUSTA A,SIMA48,A chi dare priorità nel massaggio pre gara:,A chi sta perfettamente bene ,A chi denuncia qualche problema ,Alle persone che sono decisive per la riuscita della competizione ,,A chi denuncia qualche problema 
SIMULAZIONE BUSTA A,SIMA49,Il massaggio post gara è utile per:,Aiutare a eliminare le tossine ed i radicali liberi prodotti  durante la competizione ,Togliere l'acido lattico ,Riprendere la normale attività respiratoria e cardiaca ,,Aiutare a eliminare le tossine ed i radicali liberi prodotti  durante la competizione 
SIMULAZIONE BUSTA A,SIMA50,Quali sono le manovre più adatte al massaggio post gara?,Alternare le manualità di sfregamento profondo e frizioni  alla percussione ed al rotolamento ,Alternare le manualità di sfregamento profondo e frizioni  allo scuotimento ed al rotolamento ,Alternare le manualità di sfregamento profondo e frizioni  allo scuotimento ed all' impastamento ,,Alternare le manualità di sfregamento profondo e frizioni  allo scuotimento ed al rotolamento 
SIMULAZIONE BUSTA B,SIMB1,La membrana cellulare fondamentalmente è:,Uno strato lipidico che individua la cellula e la separa dall'interstizio,Un doppio strato lipoproteico con annessa qualche molecola glucidica,Un doppio strato proteico con proteine superficiali e a tutto spessore ,,Un doppio strato proteico con proteine superficiali e a tutto spessore 
SIMULAZIONE BUSTA B,SIMB2,Il diaframma è sostanzialmente:,Un muscolo espiratorio appartenente alla parete addominale,"Un muscolo inspiratorio foggiato ""ad ombrello"" che separa il torace dall'addome ",Un muscolo liscio a forma di cupola ,,Un muscolo espiratorio appartenente alla parete addominale
SIMULAZIONE BUSTA B,SIMB3,Gran parte dell'orecchio è sistemata,Nella piramide dell'osso temporale,Nel complesso osso sfenoide,Nella Rocca Petrosa dell'osso temporale e parte nel frontale,,Nella piramide dell'osso temporale
SIMULAZIONE BUSTA B,SIMB4,La gabbia toracica è formata da:,Dodici paia di coste  lo sterno e il tratto toracico della colonna vertebrale ,Dodici paia di coste e lo sterno anteriormente,Dodici paia di coste  lo sterno ed il tratto lombare della colonna vertebrale ,,Dodici paia di coste  lo sterno e il tratto toracico della colonna vertebrale 
SIMULAZIONE BUSTA B,SIMB5,I segmenti ossei della gamba sono rappresentati da,Femore  perone e radio in posizione anatomica normale ,Femore  fibula e tibia in posizione anatomica normale ,Tibia e perone  rispettivamente mediale e laterale in posizione anatomica normale ,,Tibia e perone  rispettivamente mediale e laterale in posizione anatomica normale 
SIMULAZIONE BUSTA B,SIMB6,Quanto sangue mediamente il cuore spinge in circolo in un minuto?,70 ml,Circa 5 litri,Circa 120 ml,,Circa 5 litri
SIMULAZIONE BUSTA B,SIMB7,Quale organo è principalmente addetto alla produzione di Eritropoietina?,Rene,Fegato,Midollo osseo ,,Rene
SIMULAZIONE BUSTA B,SIMB8,Cosa è un virus ?,Microrganismo autosufficiente,Microrganismo di forma cilindrica,Microrganismo non autosufficiente ,,Microrganismo non autosufficiente 
SIMULAZIONE BUSTA B,SIMB9,La disinfezione è definita come:,Insieme di misure attuate per rimuovere fisicamente la sporcizia,Insieme di misure attuate per ridurre il numero di microrganismi capaci di provocare malattia,Insieme di misure attuate per distruggere completamente tutte le forme di vita microbica ,,Insieme di misure attuate per ridurre il numero di microrganismi capaci di provocare malattia
SIMULAZIONE BUSTA B,SIMB10,Cosa è la chemioprofilassi?,E' una tecnica di disinfezione,E' un tipo di chemioterapia,E' la somministrazione di farmaci particolari con lo scopo di impedire l'insorgenza delle malattie in alcuni casi ,,E' la somministrazione di farmaci particolari con lo scopo di impedire l'insorgenza delle malattie in alcuni casi 
SIMULAZIONE BUSTA B,SIMB11,Che cosa si intende per massaggio curativo?,Un massaggio che serve per migliorare lo stato cutaneo ma non tratta la muscolatura,Una serie di manovre fisiche che modificano l'organismo,Un massaggio che prepara ad una attività sportiva ,,Una serie di manovre fisiche che modificano l'organismo
SIMULAZIONE BUSTA B,SIMB12,Quali sono le zone semi interdette del massaggio?,Cavo ascellare  zona retro malleolare  cavo popliteo  osso sacro  sartorio ,Faccia antero laterale del collo  zona retroauricolare  solco tibiale  zona anteriore del gomito ,Apofisi spinose  retto femorale  quadrato dei lombi  piccolo romboide  ,,Faccia antero laterale del collo  zona retroauricolare  solco tibiale  zona anteriore del gomito 
SIMULAZIONE BUSTA B,SIMB13,Quale è l'utilità della vibrazione?,Produce rilassamento alla muscolatura e in corrispondenza di organi può indurre ad un aumento della Peristalsi,Prepara il muscolo ad essere percosso con la percussione ulnare,Lavora sulle fibre trasverse del muscolo per togliere grosse miogelosi ,,Produce rilassamento alla muscolatura e in corrispondenza di organi può indurre ad un aumento della Peristalsi
SIMULAZIONE BUSTA B,SIMB14,Quali sono le condizioni necessarie per effettuare un massaggio adeguato?,Ambiente adeguato  materiale corretto  condizioni dell' operatore e temperatura di 24°,Totale rilassamento dell'operatore,Ambiente adeguato  materiale corretto  condizioni dell' operatore e temperatura di 28-29°,,Ambiente adeguato  materiale corretto  condizioni dell' operatore e temperatura di 24°
SIMULAZIONE BUSTA B,SIMB15,Quali norme deve adottare un massaggiatore prima di cominciare un massaggio?,Avere le mani calde e bagnate  portare anelli  avere le unghie tagliate ,Avere le mani sudate  avere i presidi perla propria tutela  avere un abbigliamento comodo ,Avere le mani calde  avere i presidi per la propria salute  tenere una corretta postura  ,,Avere le mani calde  avere i presidi per la propria salute  tenere una corretta postura  
SIMULAZIONE BUSTA B,SIMB16,Il muscolo tibiale anteriore:,Estende il piede,Flette e supina il piede,Flette e prona il piede ,,Flette e supina il piede
SIMULAZIONE BUSTA B,SIMB17,Il punto riflesso del pancreas si trova:,Nella zona polposa del piede destro,Nella zona polposa del piede sinistro (testa e corpo) e prosegue nel piede destro (coda),Nella zona polposa del piede sinistro (coda e corpo) e prosegue nel piede destro (testa) ,,Nella zona polposa del piede sinistro (coda e corpo) e prosegue nel piede destro (testa) 
SIMULAZIONE BUSTA B,SIMB18,Il percorso per un normale trattamento è così composto:,Il coccolamento  il trattamento dell' apparato gastrico  il trattamento all apparato interessato  e i reni ,Il trattamento dei reni  il coccolamento  e l'organo bersaglio ,Il coccolamento  i reni  l'organo bersaglio  i reni e il coccolamento  ,,Il coccolamento  i reni  l'organo bersaglio  i reni e il coccolamento  
SIMULAZIONE BUSTA B,SIMB19,Il punto riflesso delle gonadi si trova:,Sul piede sinistro in visione laterale sotto la zona malleolare,Sul piede destro in visione laterale sotto la zona malleolare,Su ambedue i piedi in visione laterale sotto la zona malleolare ,,Su ambedue i piedi in visione laterale sotto la zona malleolare 
SIMULAZIONE BUSTA B,SIMB20,In IdroKinesi la temperatura Neutra dell'acqua si considera quando?,La temperatura è di circa 38-39°,La temperatura è di circa 34-35°,La temperatura è di circa 28-29°,,La temperatura è di circa 34-35°
SIMULAZIONE BUSTA B,SIMB21,Nella seduta di IdroKinesi l'acqua allo stato solido  ghiaccio  può essere utilizzata?,Non può essere utilizzata,Solo in vasche specifiche,Nella fase acuta post-traumatica ,,Non può essere utilizzata
SIMULAZIONE BUSTA B,SIMB22,L'Idrodinamicità in relazione alle Turbolenze?,Maggiore è l'Idrodinamicità maggiori sono le Turbolenze,Maggiore è l'Idrodinamicità minori sono le Turbolenze,L'Idrodinamicità non ha nulla in relazione con le Turbolenze ,,Maggiore è l'Idrodinamicità minori sono le Turbolenze
SIMULAZIONE BUSTA B,SIMB23,In IdroKinesi un corpo cambiando il suo peso specifico varia la sua posizione in acqua?,Se il peso specifico del corpo è maggiore dell'acqua sarà in sospensione,Se il peso specifico del corpo è uguale all'acqua sarà in galleggiamento,Se il peso specifico del corpo è minore dell'acqua sarà in galleggiamento ,,Se il peso specifico del corpo è minore dell'acqua sarà in galleggiamento 
SIMULAZIONE BUSTA B,SIMB24,La viscosità da considerarsi elemento importante ed interessante per l'IdroKinesi?,E' una grandezza fisica in riferimento ai solidi,Permette ad un corpo di muoversi all'intento di un fluido con maggiore o minore attrito,Nessuna delle precedenti ,,Permette ad un corpo di muoversi all'intento di un fluido con maggiore o minore attrito
SIMULAZIONE BUSTA B,SIMB25,Controindicazioni assolute del linfodrenaggio:,Asma,Infezioni in fase acuta,Insufficienza renale ,,Infezioni in fase acuta
SIMULAZIONE BUSTA B,SIMB26,Il dotto toracico:,Raccoglie la linfa proveniente da tutto il corpo,Raccoglie la linfa proveniente da capo e arto superiore sinistro,Raccoglie la linfa proveniente dalla metà sottodiaframmatica e dalla metà superiore sinistra del corpo ,,Raccoglie la linfa proveniente dalla metà sottodiaframmatica e dalla metà superiore sinistra del corpo 
SIMULAZIONE BUSTA B,SIMB27,Il linfonodo è:,Denervato,Innervato,Liscio ,,Innervato
SIMULAZIONE BUSTA B,SIMB28,La circolazione linfatica avviene:,In senso centripeto,In senso centrifugo,In nessun senso ,,In senso centripeto
SIMULAZIONE BUSTA B,SIMB29,I filamenti di ancoraggio hanno funzione di:,Mantenere in sede il linfonodo,Di consentire un'apertura maggiore dei pori dei capillari stessi,Di consentire un'apertura minore dei pori dei capillari stessi ,,Di consentire un'apertura maggiore dei pori dei capillari stessi
SIMULAZIONE BUSTA B,SIMB30,Le valvole dei vasi linfatici sono:,Passive,Attive sotto controllo del sistema nervoso centrale,Attive sotto controllo del sistema nervoso periferico ,,Passive
SIMULAZIONE BUSTA B,SIMB31,Il tessuto connettivo:,Ha la funzione di connettere i vari organi nella loro formazione,Ha la funzione di tradurre le informazioni,Ha la funzione di portare nutrimenti e ossigeno ,,Ha la funzione di connettere i vari organi nella loro formazione
SIMULAZIONE BUSTA B,SIMB32,Il tessuto connettivale:,È soltanto di un tipo,Ce ne sono tipologie diverse,Nessuna risposta esatta ,,Ce ne sono tipologie diverse
SIMULAZIONE BUSTA B,SIMB33,I tessuti connettivali si differenziano per:,La concentrazione e la disposizione delle cellule,Dalla concentrazione proteica,Dalla presenza di lipidi ,,La concentrazione e la disposizione delle cellule
SIMULAZIONE BUSTA B,SIMB34,Il massaggio connettivale:,Segue la legge della segmentazione,Segue la legge della polarizzazione,Non segue nessuna legge ,,Segue la legge della segmentazione
SIMULAZIONE BUSTA B,SIMB35,La manovra del sottocutaneo:,È la più profonda,È la più leggera,È la manovra intermedia ,,È la manovra intermedia 
SIMULAZIONE BUSTA B,SIMB36,Quali sono i materiali con cui è realizzato il TapeKinesiologico?,Fibre di cotone  carta  fibre elastiche longitudinali e trasversali  colla adesiva ,Fibre di cotone  carta  fibre elastiche longitudinali  colla adesiva ,Fibre di cotone  fibre elastiche longitudinali  colla adesiva  ,,Fibre di cotone  carta  fibre elastiche longitudinali  colla adesiva 
SIMULAZIONE BUSTA B,SIMB37,Come deve essere la cute per poter applicare il TapeKinesiologico?,Non è importante perchè in ogni caso può essere applicato,Integra  detersa e preferibilmente priva di peli ,Integra senza versamenti ematici sottocutanei  detersa e preferibilmente priva di peli  ,,Integra  detersa e preferibilmente priva di peli 
SIMULAZIONE BUSTA B,SIMB38,Il Tape Kinesiologico è consigliabile applicarlo con tensione massima 100%?,Si,No,Dipende se applicato in proiezione cutanea articolare o muscolare ,,No
SIMULAZIONE BUSTA B,SIMB39,A che età in generale il lavoratore può iniziare a lavorare?,19,16,16 e deve avere espletato l'obbligo d'istruzione,,16 e deve avere espletato l'obbligo d'istruzione
SIMULAZIONE BUSTA B,SIMB40,Il lavoratore deve essere adibito alle mansioni per le quali è stato assunto?,Si,Si  ma solo se lavora nelle aziende chimiche ,No ,,Si
SIMULAZIONE BUSTA B,SIMB41,Il lavoratore di un'azienda privata può essere destinato a svolgere  durante il rapporto di lavoro  mansioni superiori?,No,Si  ma solo se il contratto collettivo lo prevede ,Si ,,Si 
SIMULAZIONE BUSTA B,SIMB42,Che cos'è la capacità giuridica?,Capacità di essere titolare di diritti e di obblighi,Capacità di poter disporre dei propri diritti e di poter assumere obblighi,Capacità di poter acquistare un appartamento ,,Capacità di essere titolare di diritti e di obblighi
SIMULAZIONE BUSTA B,SIMB43,La mio fascia è distribuita in:,Zone limitate del corpo,Una serie di fasce segmentate,Una rete ubiquitaria ,,Una rete ubiquitaria 
SIMULAZIONE BUSTA B,SIMB44,Nella sede di un ematoma muscolare il massaggio è:,Indicato,Controindicato,Dipende dal caso ,,Controindicato
SIMULAZIONE BUSTA B,SIMB45,Il massaggio miofasciale migliora:,La postura,La cellulite,Il tono della pelle ,,La postura
SIMULAZIONE BUSTA B,SIMB46,Le manovre del miofasciale:,Seguono un ordine sequenziale,Non hanno una sequenza,Si effettuano liberamente ,,Seguono un ordine sequenziale
SIMULAZIONE BUSTA B,SIMB47,Le funzioni delle frizioni sono:,Antalgiche,Stimolanti,Defibrosanti ,,Defibrosanti 
SIMULAZIONE BUSTA B,SIMB48,In caso in cui l'atleta nonostante il massaggio continui a avere dolore,Deve rinunciare alla competizione,Occorre mandarlo dal medico sociale per la decisione finale,Può cominciare la competizione ed al limite si ritira ,,Occorre mandarlo dal medico sociale per la decisione finale
SIMULAZIONE BUSTA B,SIMB49,Quanto dura un massaggio post gara?,Tra i 15 e i 20 minuti,Tra i 50 ed i 70 minuti,Tra i 40 e 50 minuti,,Tra i 40 e 50 minuti
SIMULAZIONE BUSTA B,SIMB50,Cosa sono i distretti secondari di lavoro:,Sono le zone che compartecipano all'azione dei muscoli primari,Sono le zone che si attivano secondariamente all'azione dei muscoli,Sono le zone sottoposte al lavoro primario durante lo sforzo sportivo ,,Sono le zone che compartecipano all'azione dei muscoli primari